Gene,Description,Compartment,Treated_v_Control_FC,Treated_v_Control_pval,Treated_v_Control_adjpval
TOMM20,"mitochondrial protein, org=Homo sapiens",Mitochondrion,-1.5948,2.184921e-1,3.899244e-1
TOMM22,"mitochondrial protein, org=Homo sapiens",Mitochondrion,2.8691,6.505496e-4,4.072368e-3
TOMM40,"mitochondrial protein, org=Homo sapiens",Mitochondrion,4.1761,1.650635e-1,3.201901e-1
TOMM70,"mitochondrial protein, org=Homo sapiens",Mitochondrion,2.4645,2.789347e-2,8.026935e-2
TIMM23,"mitochondrial protein, org=Homo sapiens",Mitochondrion,1.2598,8.427457e-1,9.085363e-1
TIMM44,"mitochondrial protein, org=Homo sapiens",Mitochondrion,5.0379,3.075565e-6,6.860877e-5
TIMM50,"mitochondrial protein, org=Homo sapiens",Mitochondrion,2.5108,1.511735e-1,2.981209e-1
MICOS10,"mitochondrial protein, org=Homo sapiens",Mitochondrion,1.8991,2.642811e-1,4.442987e-1
MICOS13,"mitochondrial protein, org=Homo sapiens",Mitochondrion,5.4267,1.747423e-4,1.407647e-3
IMMT,"mitochondrial protein, org=Homo sapiens",Mitochondrion,72.3903,4.477599e-4,3.053256e-3
CHCHD3,"mitochondrial protein, org=Homo sapiens",Mitochondrion,1.1070,7.513705e-1,8.525984e-1
CHCHD6,"mitochondrial protein, org=Homo sapiens",Mitochondrion,3.9454,6.883239e-4,4.202399e-3
SDHA,"mitochondrial protein, org=Homo sapiens",Mitochondrion,3.9454,2.696441e-4,1.979666e-3
SDHB,"mitochondrial protein, org=Homo sapiens",Mitochondrion,7.1365,4.882081e-5,5.552170e-4
SDHC,"mitochondrial protein, org=Homo sapiens",Mitochondrion,-1.1302,7.838042e-1,8.793162e-1
NDUFA4,"mitochondrial protein, org=Homo sapiens",Mitochondrion,2.1164,1.706022e-1,3.254911e-1
NDUFA9,"mitochondrial protein, org=Homo sapiens",Mitochondrion,8.4431,6.116031e-4,3.941442e-3
NDUFS1,"mitochondrial protein, org=Homo sapiens",Mitochondrion,4.2255,3.187637e-3,1.379723e-2
NDUFS3,"mitochondrial protein, org=Homo sapiens",Mitochondrion,11.4921,9.298002e-7,2.718363e-5
NDUFV1,"mitochondrial protein, org=Homo sapiens",Mitochondrion,7.0760,2.027223e-5,2.965055e-4
UQCRC1,"mitochondrial protein, org=Homo sapiens",Mitochondrion,5.1589,1.834270e-2,5.781939e-2
UQCRC2,"mitochondrial protein, org=Homo sapiens",Mitochondrion,30.9960,3.386800e-6,7.275348e-5
UQCRFS1,"mitochondrial protein, org=Homo sapiens",Mitochondrion,10.2262,1.524694e-3,7.825862e-3
COX4I1,"mitochondrial protein, org=Homo sapiens",Mitochondrion,43.3581,6.155082e-9,7.139896e-7
COX5A,"mitochondrial protein, org=Homo sapiens",Mitochondrion,57.3577,1.978760e-6,4.590724e-5
COX6C,"mitochondrial protein, org=Homo sapiens",Mitochondrion,6.5517,5.126554e-3,2.036576e-2
ATP5F1A,"mitochondrial protein, org=Homo sapiens",Mitochondrion,15.2343,2.188267e-2,6.576139e-2
ATP5F1B,"mitochondrial protein, org=Homo sapiens",Mitochondrion,21.0715,1.884447e-6,4.554080e-5
ATP5F1C,"mitochondrial protein, org=Homo sapiens",Mitochondrion,2.6520,4.795865e-2,1.236267e-1
ATP5MC1,"mitochondrial protein, org=Homo sapiens",Mitochondrion,159.1699,9.441841e-12,2.738134e-9
ATP5PB,"mitochondrial protein, org=Homo sapiens",Mitochondrion,4.6990,1.140368e-3,6.299174e-3
VDAC1,"mitochondrial protein, org=Homo sapiens",Mitochondrion,8.2716,1.111968e-2,3.934159e-2
VDAC2,"mitochondrial protein, org=Homo sapiens",Mitochondrion,3.3461,3.484079e-2,9.668735e-2
VDAC3,"mitochondrial protein, org=Homo sapiens",Mitochondrion,11.7862,1.048135e-4,9.965875e-4
SLC25A3,"mitochondrial protein, org=Homo sapiens",Mitochondrion,8.9877,3.802875e-6,7.877384e-5
SLC25A4,"mitochondrial protein, org=Homo sapiens",Mitochondrion,25.4519,5.954472e-8,3.453594e-6
SLC25A5,"mitochondrial protein, org=Homo sapiens",Mitochondrion,10.8792,5.224635e-3,2.061421e-2
SLC25A6,"mitochondrial protein, org=Homo sapiens",Mitochondrion,1.4078,3.160511e-1,4.927679e-1
SLC25A11,"mitochondrial protein, org=Homo sapiens",Mitochondrion,10.3034,1.136062e-5,1.882617e-4
HSPD1,"mitochondrial protein, org=Homo sapiens",Mitochondrion,11.4381,5.101429e-5,5.582696e-4
HSPE1,"mitochondrial protein, org=Homo sapiens",Mitochondrion,9.6636,2.691795e-3,1.213761e-2
HSPA9,"mitochondrial protein, org=Homo sapiens",Mitochondrion,6.3768,2.767245e-5,3.647732e-4
LONP1,"mitochondrial protein, org=Homo sapiens",Mitochondrion,2.5893,7.352893e-2,1.734815e-1
CLPP,"mitochondrial protein, org=Homo sapiens",Mitochondrion,7.4062,1.239854e-3,6.716325e-3
CLPX,"mitochondrial protein, org=Homo sapiens",Mitochondrion,3.0267,7.382474e-4,4.414263e-3
PMPCA,"mitochondrial protein, org=Homo sapiens",Mitochondrion,2.6003,9.549439e-2,2.066670e-1
PMPCB,"mitochondrial protein, org=Homo sapiens",Mitochondrion,8.0977,1.938010e-4,1.518981e-3
AFG3L2,"mitochondrial protein, org=Homo sapiens",Mitochondrion,5.1267,1.608374e-3,7.973135e-3
SPG7,"mitochondrial protein, org=Homo sapiens",Mitochondrion,3.0230,1.731184e-2,5.547440e-2
YME1L1,"mitochondrial protein, org=Homo sapiens",Mitochondrion,6.1117,4.809386e-4,3.206257e-3
MRPL12,"mitochondrial protein, org=Homo sapiens",Mitochondrion,1.7309,4.441576e-1,6.075741e-1
MRPL13,"mitochondrial protein, org=Homo sapiens",Mitochondrion,9.6330,4.154433e-4,2.903098e-3
MRPS12,"mitochondrial protein, org=Homo sapiens",Mitochondrion,5.1296,1.294690e-3,6.889178e-3
MRPS22,"mitochondrial protein, org=Homo sapiens",Mitochondrion,1.1133,7.592282e-1,8.583866e-1
TFAM,"mitochondrial protein, org=Homo sapiens",Mitochondrion,5.1567,4.553929e-5,5.282557e-4
POLG,"mitochondrial protein, org=Homo sapiens",Mitochondrion,18.8846,1.166116e-4,1.056793e-3
SSBP1,"mitochondrial protein, org=Homo sapiens",Mitochondrion,2.8196,1.639882e-2,5.284063e-2
OPA1,"mitochondrial protein, org=Homo sapiens",Mitochondrion,-1.0134,9.782193e-1,9.901696e-1
MFN1,"mitochondrial protein, org=Homo sapiens",Mitochondrion,36.9651,3.456396e-8,2.427588e-6
MFN2,"mitochondrial protein, org=Homo sapiens",Mitochondrion,22.2636,1.055284e-6,2.914594e-5
DNM1L,"mitochondrial protein, org=Homo sapiens",Mitochondrion,1.4315,1.553638e-1,3.044291e-1
FIS1,"mitochondrial protein, org=Homo sapiens",Mitochondrion,15.9685,2.585891e-4,1.947814e-3
MFF,"mitochondrial protein, org=Homo sapiens",Mitochondrion,3.8481,8.056636e-2,1.831782e-1
PINK1,"mitochondrial protein, org=Homo sapiens",Mitochondrion,29.8870,3.189012e-5,4.020928e-4
PRKN,"mitochondrial protein, org=Homo sapiens",Mitochondrion,10.1446,6.326087e-3,2.462504e-2
PHB1,"mitochondrial protein, org=Homo sapiens",Mitochondrion,14.1459,9.964181e-3,3.634733e-2
PHB2,"mitochondrial protein, org=Homo sapiens",Mitochondrion,24.4925,6.591764e-8,3.475657e-6
CS,"mitochondrial protein, org=Homo sapiens",Mitochondrion,6.3157,7.187042e-2,1.711427e-1
ACO2,"mitochondrial protein, org=Homo sapiens",Mitochondrion,1.8663,1.373827e-1,2.805703e-1
IDH2,"mitochondrial protein, org=Homo sapiens",Mitochondrion,6.3023,7.269726e-3,2.737949e-2
IDH3A,"mitochondrial protein, org=Homo sapiens",Mitochondrion,1.9204,1.184462e-2,4.089213e-2
OGDH,"mitochondrial protein, org=Homo sapiens",Mitochondrion,6.4014,2.816668e-3,1.247074e-2
SUCLA2,"mitochondrial protein, org=Homo sapiens",Mitochondrion,5.8551,1.595253e-4,1.321781e-3
SUCLG1,"mitochondrial protein, org=Homo sapiens",Mitochondrion,2.9601,2.613684e-3,1.193651e-2
FH,"mitochondrial protein, org=Homo sapiens",Mitochondrion,19.3306,1.796420e-6,4.554080e-5
MDH2,"mitochondrial protein, org=Homo sapiens",Mitochondrion,4.8561,1.788060e-3,8.788771e-3
GOT2,"mitochondrial protein, org=Homo sapiens",Mitochondrion,5.2276,1.159967e-3,6.346989e-3
GLUD1,"mitochondrial protein, org=Homo sapiens",Mitochondrion,2.5000,2.373876e-2,7.060758e-2
HADHA,"mitochondrial protein, org=Homo sapiens",Mitochondrion,46.8236,1.026963e-8,9.927312e-7
HADHB,"mitochondrial protein, org=Homo sapiens",Mitochondrion,47.4242,4.396585e-7,1.662949e-5
ACADM,"mitochondrial protein, org=Homo sapiens",Mitochondrion,13.0277,9.915232e-4,5.547239e-3
ACADVL,"mitochondrial protein, org=Homo sapiens",Mitochondrion,6.9029,8.656464e-3,3.218429e-2
CPT1A,"mitochondrial protein, org=Homo sapiens",Mitochondrion,1.2811,5.741494e-1,7.149686e-1
CPT2,"mitochondrial protein, org=Homo sapiens",Mitochondrion,12.7616,1.609356e-8,1.333467e-6
ETFA,"mitochondrial protein, org=Homo sapiens",Mitochondrion,13.2358,6.773388e-4,4.179325e-3
ETFB,"mitochondrial protein, org=Homo sapiens",Mitochondrion,158.7748,9.314292e-12,2.738134e-9
ETFDH,"mitochondrial protein, org=Homo sapiens",Mitochondrion,1.7960,4.041746e-2,1.085284e-1
PDHA1,"mitochondrial protein, org=Homo sapiens",Mitochondrion,18.5013,3.925008e-7,1.626075e-5
PDHB,"mitochondrial protein, org=Homo sapiens",Mitochondrion,11.0981,2.394595e-5,3.306822e-4
DLAT,"mitochondrial protein, org=Homo sapiens",Mitochondrion,15.1583,6.529832e-4,4.072368e-3
DLD,"mitochondrial protein, org=Homo sapiens",Mitochondrion,14.3665,2.994232e-4,2.170818e-3
MRM2,"mitochondrial protein, org=Homo sapiens",Mitochondrion,3.9923,9.481584e-2,2.059670e-1
HSD17B8,"mitochondrial protein, org=Homo sapiens",Mitochondrion,18.9236,4.421857e-5,5.234035e-4
COQ7,"mitochondrial protein, org=Homo sapiens",Mitochondrion,9.3718,1.378550e-4,1.158781e-3
AIFM1,"mitochondrial protein, org=Homo sapiens",Mitochondrion,11.2339,2.044866e-5,2.965055e-4
CYCS,"mitochondrial protein, org=Homo sapiens",Mitochondrion,4.5976,4.038631e-5,4.880012e-4
BAX,"mitochondrial protein, org=Homo sapiens",Mitochondrion,1.7077,5.830042e-2,1.457511e-1
BAK1,"mitochondrial protein, org=Homo sapiens",Mitochondrion,2.1768,2.965005e-2,8.429915e-2
GPD2,"mitochondrial protein, org=Homo sapiens",Mitochondrion,38.4960,1.306886e-4,1.131334e-3
NNT,"mitochondrial protein, org=Homo sapiens",Mitochondrion,11.9910,5.295521e-3,2.075272e-2
SOD2,"mitochondrial protein, org=Homo sapiens",Mitochondrion,19.9979,9.627834e-8,4.653453e-6
PRDX3,"mitochondrial protein, org=Homo sapiens",Mitochondrion,1.4902,3.047561e-1,4.802863e-1
TXN2,"mitochondrial protein, org=Homo sapiens",Mitochondrion,5.4454,5.618650e-2,1.416877e-1
GLRX5,"mitochondrial protein, org=Homo sapiens",Mitochondrion,1.6783,3.710175e-1,5.434094e-1
FDX1,"mitochondrial protein, org=Homo sapiens",Mitochondrion,7.0543,4.534322e-3,1.839096e-2
NFS1,"mitochondrial protein, org=Homo sapiens",Mitochondrion,3.4003,6.957440e-4,4.203453e-3
ISCU,"mitochondrial protein, org=Homo sapiens",Mitochondrion,11.2296,6.783863e-6,1.192315e-4
FXN,"mitochondrial protein, org=Homo sapiens",Mitochondrion,-3.6023,2.440044e-3,1.141311e-2
ABCB7,"mitochondrial protein, org=Homo sapiens",Mitochondrion,2.2009,2.580697e-1,4.376620e-1
MTCH2,"mitochondrial protein, org=Homo sapiens",Mitochondrion,3.7262,1.626896e-2,5.271508e-2
SAMM50,"mitochondrial protein, org=Homo sapiens",Mitochondrion,28.9101,9.373667e-7,2.718363e-5
MTX1,"mitochondrial protein, org=Homo sapiens",Mitochondrion,14.8704,7.443931e-5,7.403982e-4
MTX2,"mitochondrial protein, org=Homo sapiens",Mitochondrion,1.0890,7.957664e-1,8.892957e-1
DNAJC11,"mitochondrial protein, org=Homo sapiens",Mitochondrion,6.8280,8.099121e-3,3.030639e-2
ATAD3A,"mitochondrial protein, org=Homo sapiens",Mitochondrion,2.8729,1.406835e-1,2.843082e-1
LETM1,"mitochondrial protein, org=Homo sapiens",Mitochondrion,4.5142,3.553482e-5,4.385148e-4
STOML2,"mitochondrial protein, org=Homo sapiens",Mitochondrion,4.9632,6.362882e-6,1.153272e-4
TRAP1,"mitochondrial protein, org=Homo sapiens",Mitochondrion,-1.6972,3.759058e-1,5.478025e-1
HTRA2,"mitochondrial protein, org=Homo sapiens",Mitochondrion,2.8829,3.468973e-3,1.468616e-2
OMA1,"mitochondrial protein, org=Homo sapiens",Mitochondrion,16.9668,1.219463e-4,1.074401e-3
PARL,"mitochondrial protein, org=Homo sapiens",Mitochondrion,4.6499,4.833837e-3,1.933535e-2
SLC25A1,"mitochondrial protein, org=Homo sapiens",Mitochondrion,-1.3127,3.055615e-1,4.802863e-1
ACSF2,"mitochondrial protein, org=Homo sapiens",Mitochondrion,14.1294,1.236830e-5,1.938814e-4
ALDH2,"mitochondrial protein, org=Homo sapiens",Mitochondrion,9.1407,1.740860e-2,5.547795e-2
ALDH4A1,"mitochondrial protein, org=Homo sapiens",Mitochondrion,1.1188,8.001111e-1,8.915729e-1
AK2,"mitochondrial protein, org=Homo sapiens",Mitochondrion,3.9219,2.172685e-2,6.563320e-2
ACAT1,"mitochondrial protein, org=Homo sapiens",Mitochondrion,3.1777,1.913576e-1,3.557289e-1
ECHS1,"mitochondrial protein, org=Homo sapiens",Mitochondrion,17.1952,1.722708e-5,2.629396e-4
ECI1,"mitochondrial protein, org=Homo sapiens",Mitochondrion,5.1371,6.360020e-4,4.053639e-3
MCEE,"mitochondrial protein, org=Homo sapiens",Mitochondrion,1.2615,7.274739e-1,8.371723e-1
MUT,"mitochondrial protein, org=Homo sapiens",Mitochondrion,6.6781,1.088050e-2,3.895487e-2
PCCA,"mitochondrial protein, org=Homo sapiens",Mitochondrion,8.6543,4.353899e-4,3.006264e-3
PCCB,"mitochondrial protein, org=Homo sapiens",Mitochondrion,12.2101,5.883996e-4,3.834514e-3
IVD,"mitochondrial protein, org=Homo sapiens",Mitochondrion,7.3401,1.625929e-4,1.328224e-3
GCDH,"mitochondrial protein, org=Homo sapiens",Mitochondrion,12.2111,2.050450e-3,9.910506e-3
DBT,"mitochondrial protein, org=Homo sapiens",Mitochondrion,13.4874,1.386062e-3,7.242488e-3
BCKDHA,"mitochondrial protein, org=Homo sapiens",Mitochondrion,12.9287,4.630619e-3,1.865110e-2
SHMT2,"mitochondrial protein, org=Homo sapiens",Mitochondrion,3.0273,2.795588e-2,8.026935e-2
MTHFD2,"mitochondrial protein, org=Homo sapiens",Mitochondrion,2.1722,3.538189e-1,5.324151e-1
ALDH18A1,"mitochondrial protein, org=Homo sapiens",Mitochondrion,17.7838,1.808783e-6,4.554080e-5
PYCR1,"mitochondrial protein, org=Homo sapiens",Mitochondrion,1.7630,3.042912e-1,4.802863e-1
OAT,"mitochondrial protein, org=Homo sapiens",Mitochondrion,2.2529,1.969746e-1,3.638385e-1
CPS1,"mitochondrial protein, org=Homo sapiens",Mitochondrion,4.5782,3.346971e-3,1.427385e-2
OTC,"mitochondrial protein, org=Homo sapiens",Mitochondrion,2.6601,2.535243e-3,1.172731e-2
CNTROB,"centrosomal protein, org=Homo sapiens",Centrosome,4.7428,1.555213e-3,7.912487e-3
CEP135,"centrosomal protein, org=Homo sapiens",Centrosome,72.0240,3.351321e-9,4.859415e-7
CEP152,"centrosomal protein, org=Homo sapiens",Centrosome,3.9504,4.319617e-2,1.138808e-1
CEP192,"centrosomal protein, org=Homo sapiens",Centrosome,2.6503,1.501794e-2,4.921134e-2
CEP250,"centrosomal protein, org=Homo sapiens",Centrosome,2.0403,3.654010e-1,5.433323e-1
CEP290,"centrosomal protein, org=Homo sapiens",Centrosome,2.0738,1.964694e-1,3.638385e-1
CEP97,"centrosomal protein, org=Homo sapiens",Centrosome,9.0194,5.874608e-7,2.004278e-5
PCNT,"centrosomal protein, org=Homo sapiens",Centrosome,2.1710,2.976105e-1,4.755208e-1
CETN2,"centrosomal protein, org=Homo sapiens",Centrosome,-2.2383,3.194946e-2,9.039359e-2
CETN3,"centrosomal protein, org=Homo sapiens",Centrosome,4.7687,2.885627e-2,8.244649e-2
SASS6,"centrosomal protein, org=Homo sapiens",Centrosome,11.6834,5.010961e-5,5.582696e-4
PLK4,"centrosomal protein, org=Homo sapiens",Centrosome,14.3918,4.527241e-4,3.053256e-3
STIL,"centrosomal protein, org=Homo sapiens",Centrosome,3.7285,2.894461e-3,1.271809e-2
TUBG1,"centrosomal protein, org=Homo sapiens",Centrosome,7.2992,7.589165e-5,7.403982e-4
TUBGCP2,"centrosomal protein, org=Homo sapiens",Centrosome,4.2908,1.216559e-2,4.175174e-2
TUBGCP3,"centrosomal protein, org=Homo sapiens",Centrosome,5.0285,1.341195e-4,1.143961e-3
NEDD1,"centrosomal protein, org=Homo sapiens",Centrosome,1.3405,3.279354e-1,5.085629e-1
ODF2,"centrosomal protein, org=Homo sapiens",Centrosome,11.6207,8.545472e-4,4.951247e-3
NIN,"centrosomal protein, org=Homo sapiens",Centrosome,-1.1169,7.494941e-1,8.525984e-1
AKAP9,"centrosomal protein, org=Homo sapiens",Centrosome,13.1628,3.135165e-4,2.240350e-3
CDK5RAP2,"centrosomal protein, org=Homo sapiens",Centrosome,3.0671,9.946773e-4,5.547239e-3
CCP110,"centrosomal protein, org=Homo sapiens",Centrosome,1.5410,6.544845e-2,1.594962e-1
CEP120,"centrosomal protein, org=Homo sapiens",Centrosome,-1.0541,8.931750e-1,9.367839e-1
CEP164,"centrosomal protein, org=Homo sapiens",Centrosome,2.4809,7.687473e-2,1.776388e-1
CEP170,"centrosomal protein, org=Homo sapiens",Centrosome,69.6779,1.583527e-9,3.061485e-7
CEP215,"centrosomal protein, org=Homo sapiens",Centrosome,5.6444,8.124794e-4,4.759980e-3
POC1A,"centrosomal protein, org=Homo sapiens",Centrosome,7.7437,9.358854e-7,2.718363e-5
POC5,"centrosomal protein, org=Homo sapiens",Centrosome,7.4399,1.514453e-3,7.825862e-3
SFI1,"centrosomal protein, org=Homo sapiens",Centrosome,2.0140,3.662595e-1,5.433323e-1
ROOT,"centrosomal protein, org=Homo sapiens",Centrosome,1.2187,5.778692e-1,7.149686e-1
LAMP1,"lysosomal protein, org=Homo sapiens",Lysosome,1.9651,3.525966e-1,5.324151e-1
LAMP2,"lysosomal protein, org=Homo sapiens",Lysosome,1.0001,9.998634e-1,9.998634e-1
CTSB,"lysosomal protein, org=Homo sapiens",Lysosome,2.0355,1.427203e-2,4.730158e-2
CTSD,"lysosomal protein, org=Homo sapiens",Lysosome,6.3277,6.667511e-3,2.561031e-2
CTSL,"lysosomal protein, org=Homo sapiens",Lysosome,3.1244,1.214831e-1,2.525455e-1
CTSZ,"lysosomal protein, org=Homo sapiens",Lysosome,6.0333,2.621717e-4,1.949482e-3
CTSA,"lysosomal protein, org=Homo sapiens",Lysosome,1.0798,8.035974e-1,8.915729e-1
GBA1,"lysosomal protein, org=Homo sapiens",Lysosome,1.4216,3.034809e-1,4.802863e-1
GLA,"lysosomal protein, org=Homo sapiens",Lysosome,-1.6450,2.842649e-1,4.631283e-1
HEXA,"lysosomal protein, org=Homo sapiens",Lysosome,9.1570,5.997175e-5,6.441410e-4
HEXB,"lysosomal protein, org=Homo sapiens",Lysosome,-1.0116,9.847478e-1,9.933108e-1
NPC1,"lysosomal protein, org=Homo sapiens",Lysosome,1.3091,5.148016e-1,6.737552e-1
NPC2,"lysosomal protein, org=Homo sapiens",Lysosome,-1.2425,4.125623e-1,5.893747e-1
TPP1,"lysosomal protein, org=Homo sapiens",Lysosome,5.6343,2.179663e-4,1.663427e-3
PSAP,"lysosomal protein, org=Homo sapiens",Lysosome,3.1660,1.072748e-4,1.003539e-3
GNS,"lysosomal protein, org=Homo sapiens",Lysosome,1.6530,8.236848e-2,1.844545e-1
GUSB,"lysosomal protein, org=Homo sapiens",Lysosome,2.1947,6.722754e-2,1.624665e-1
MAN2B1,"lysosomal protein, org=Homo sapiens",Lysosome,2.6679,4.258309e-3,1.751645e-2
NAGLU,"lysosomal protein, org=Homo sapiens",Lysosome,1.4010,5.460356e-1,7.037422e-1
ASAH1,"lysosomal protein, org=Homo sapiens",Lysosome,2.4195,3.740004e-2,1.008931e-1
SCARB2,"lysosomal protein, org=Homo sapiens",Lysosome,2.0285,7.025971e-2,1.690898e-1
ATP6V1A,"lysosomal protein, org=Homo sapiens",Lysosome,-1.2107,5.560903e-1,7.074117e-1
ATP6V1B2,"lysosomal protein, org=Homo sapiens",Lysosome,2.5116,3.426774e-2,9.601589e-2
ATP6V0D1,"lysosomal protein, org=Homo sapiens",Lysosome,-1.3049,4.737272e-1,6.377925e-1
ATP6V1E1,"lysosomal protein, org=Homo sapiens",Lysosome,1.0613,8.039528e-1,8.915729e-1
MCOLN1,"lysosomal protein, org=Homo sapiens",Lysosome,5.0198,2.960236e-3,1.290930e-2
LAMTOR1,"lysosomal protein, org=Homo sapiens",Lysosome,-1.3298,5.270333e-1,6.853796e-1
LAMTOR2,"lysosomal protein, org=Homo sapiens",Lysosome,1.1716,5.416729e-1,6.997111e-1
GRN,"lysosomal protein, org=Homo sapiens",Lysosome,2.0257,2.299241e-1,4.053373e-1
SGSH,"lysosomal protein, org=Homo sapiens",Lysosome,1.3206,2.431004e-1,4.208903e-1
RPL3,"ribosomal protein, org=Homo sapiens",Ribosome,-1.2677,5.221495e-1,6.805544e-1
RPL4,"ribosomal protein, org=Homo sapiens",Ribosome,-2.0428,1.085098e-1,2.288569e-1
RPL5,"ribosomal protein, org=Homo sapiens",Ribosome,1.5379,5.411032e-1,6.997111e-1
RPL6,"ribosomal protein, org=Homo sapiens",Ribosome,-3.5078,1.283105e-2,4.352052e-2
RPL7,"ribosomal protein, org=Homo sapiens",Ribosome,-2.6108,7.199797e-2,1.711427e-1
RPL7A,"ribosomal protein, org=Homo sapiens",Ribosome,-8.2684,1.345493e-2,4.510902e-2
RPL8,"ribosomal protein, org=Homo sapiens",Ribosome,-12.2637,2.389288e-5,3.306822e-4
RPL9,"ribosomal protein, org=Homo sapiens",Ribosome,-4.5289,2.502549e-2,7.367909e-2
RPL10,"ribosomal protein, org=Homo sapiens",Ribosome,-2.2714,2.687270e-2,7.871801e-2
RPL10A,"ribosomal protein, org=Homo sapiens",Ribosome,-11.8321,1.597902e-3,7.973135e-3
RPL11,"ribosomal protein, org=Homo sapiens",Ribosome,-1.8813,1.451814e-1,2.893649e-1
RPL12,"ribosomal protein, org=Homo sapiens",Ribosome,-5.9083,4.959500e-4,3.268761e-3
RPL13,"ribosomal protein, org=Homo sapiens",Ribosome,-16.7352,9.508403e-6,1.622022e-4
RPL13A,"ribosomal protein, org=Homo sapiens",Ribosome,-1.5555,2.872998e-1,4.643336e-1
RPL14,"ribosomal protein, org=Homo sapiens",Ribosome,-5.4906,3.167391e-4,2.240350e-3
RPL15,"ribosomal protein, org=Homo sapiens",Ribosome,-2.3360,1.450755e-2,4.780896e-2
RPL17,"ribosomal protein, org=Homo sapiens",Ribosome,-1.9562,2.128693e-1,3.856972e-1
RPL18,"ribosomal protein, org=Homo sapiens",Ribosome,-8.3871,2.076362e-2,6.305183e-2
RPL19,"ribosomal protein, org=Homo sapiens",Ribosome,-1.6235,3.700234e-1,5.433323e-1
RPL21,"ribosomal protein, org=Homo sapiens",Ribosome,1.2257,6.680567e-1,7.907610e-1
RPL23,"ribosomal protein, org=Homo sapiens",Ribosome,-8.3776,3.186593e-5,4.020928e-4
RPL23A,"ribosomal protein, org=Homo sapiens",Ribosome,1.4384,4.777656e-1,6.392486e-1
RPL24,"ribosomal protein, org=Homo sapiens",Ribosome,-4.4771,4.486922e-2,1.172259e-1
RPL26,"ribosomal protein, org=Homo sapiens",Ribosome,1.0818,8.207027e-1,8.947511e-1
RPL27,"ribosomal protein, org=Homo sapiens",Ribosome,-2.3350,9.055451e-3,3.324153e-2
RPL27A,"ribosomal protein, org=Homo sapiens",Ribosome,-2.9936,1.431643e-1,2.873194e-1
RPL28,"ribosomal protein, org=Homo sapiens",Ribosome,-1.4354,2.606591e-1,4.394834e-1
RPL30,"ribosomal protein, org=Homo sapiens",Ribosome,-1.9192,6.223461e-2,1.529495e-1
RPL31,"ribosomal protein, org=Homo sapiens",Ribosome,-7.6019,6.250014e-6,1.153272e-4
RPL32,"ribosomal protein, org=Homo sapiens",Ribosome,-2.3604,2.050966e-1,3.764432e-1
RPL34,"ribosomal protein, org=Homo sapiens",Ribosome,-3.4651,3.688171e-3,1.550101e-2
RPL35,"ribosomal protein, org=Homo sapiens",Ribosome,-9.8303,1.781886e-4,1.415745e-3
RPL36,"ribosomal protein, org=Homo sapiens",Ribosome,-1.0248,9.526537e-1,9.686790e-1
RPL37A,"ribosomal protein, org=Homo sapiens",Ribosome,-4.7139,7.559303e-4,4.473873e-3
RPLP0,"ribosomal protein, org=Homo sapiens",Ribosome,-4.2559,4.186302e-2,1.108701e-1
RPLP1,"ribosomal protein, org=Homo sapiens",Ribosome,-2.0548,8.861343e-2,1.954212e-1
RPLP2,"ribosomal protein, org=Homo sapiens",Ribosome,-4.9591,3.640899e-2,9.867857e-2
RPS2,"ribosomal protein, org=Homo sapiens",Ribosome,-3.0464,6.140832e-2,1.522086e-1
RPS3,"ribosomal protein, org=Homo sapiens",Ribosome,-25.4670,3.766947e-8,2.427588e-6
RPS3A,"ribosomal protein, org=Homo sapiens",Ribosome,-3.0499,5.331341e-2,1.356218e-1
RPS4X,"ribosomal protein, org=Homo sapiens",Ribosome,-3.0429,2.440025e-1,4.211948e-1
RPS5,"ribosomal protein, org=Homo sapiens",Ribosome,-2.0088,1.225634e-2,4.181573e-2
RPS6,"ribosomal protein, org=Homo sapiens",Ribosome,1.0733,8.813559e-1,9.311228e-1
RPS7,"ribosomal protein, org=Homo sapiens",Ribosome,-4.7867,1.222594e-4,1.074401e-3
RPS8,"ribosomal protein, org=Homo sapiens",Ribosome,-1.1943,7.510585e-1,8.525984e-1
RPS9,"ribosomal protein, org=Homo sapiens",Ribosome,-2.4014,2.752166e-2,8.021389e-2
RPS10,"ribosomal protein, org=Homo sapiens",Ribosome,-5.5160,4.435190e-6,8.574701e-5
RPS11,"ribosomal protein, org=Homo sapiens",Ribosome,-2.2610,1.193888e-1,2.499838e-1
RPS12,"ribosomal protein, org=Homo sapiens",Ribosome,-1.1179,8.316043e-1,9.032109e-1
RPS13,"ribosomal protein, org=Homo sapiens",Ribosome,-1.4057,4.739458e-1,6.377925e-1
RPS14,"ribosomal protein, org=Homo sapiens",Ribosome,1.1716,5.575535e-1,7.076172e-1
RPS15,"ribosomal protein, org=Homo sapiens",Ribosome,-10.9735,2.755792e-5,3.647732e-4
RPS15A,"ribosomal protein, org=Homo sapiens",Ribosome,-4.0000,1.102774e-4,1.015252e-3
RPS16,"ribosomal protein, org=Homo sapiens",Ribosome,-4.1524,1.887936e-3,9.201705e-3
RPS17,"ribosomal protein, org=Homo sapiens",Ribosome,-6.4434,8.806471e-3,3.253346e-2
RPS18,"ribosomal protein, org=Homo sapiens",Ribosome,-1.1465,7.926419e-1,8.875141e-1
RPS19,"ribosomal protein, org=Homo sapiens",Ribosome,-1.2813,2.673950e-1,4.443814e-1
RPS20,"ribosomal protein, org=Homo sapiens",Ribosome,-9.6434,2.547657e-3,1.172731e-2
RPS23,"ribosomal protein, org=Homo sapiens",Ribosome,-1.7465,2.902350e-1,4.676009e-1
RPS24,"ribosomal protein, org=Homo sapiens",Ribosome,1.4308,4.713415e-1,6.372449e-1
RPS25,"ribosomal protein, org=Homo sapiens",Ribosome,1.2896,3.690476e-1,5.433323e-1
RPS26,"ribosomal protein, org=Homo sapiens",Ribosome,-6.9857,7.240771e-5,7.367803e-4
RPS27,"ribosomal protein, org=Homo sapiens",Ribosome,-2.9591,4.028185e-3,1.668820e-2
RPS28,"ribosomal protein, org=Homo sapiens",Ribosome,-3.0509,3.756761e-3,1.567569e-2
RPSA,"ribosomal protein, org=Homo sapiens",Ribosome,-4.4544,9.072064e-4,5.158625e-3
NPM1,"nucleolar protein, org=Homo sapiens",Nucleolus,-2.7182,2.371153e-2,7.060758e-2
NCL,"nucleolar protein, org=Homo sapiens",Nucleolus,-1.9344,1.770379e-1,3.333830e-1
FBL,"nucleolar protein, org=Homo sapiens",Nucleolus,1.2253,5.561719e-1,7.074117e-1
NOP56,"nucleolar protein, org=Homo sapiens",Nucleolus,-2.2473,7.796121e-2,1.794345e-1
NOP58,"nucleolar protein, org=Homo sapiens",Nucleolus,-6.7607,2.436333e-3,1.141311e-2
NOP2,"nucleolar protein, org=Homo sapiens",Nucleolus,-3.8527,7.659291e-5,7.403982e-4
RRS1,"nucleolar protein, org=Homo sapiens",Nucleolus,-10.4828,7.182876e-3,2.722920e-2
DDX21,"nucleolar protein, org=Homo sapiens",Nucleolus,-26.9196,2.245638e-3,1.067598e-2
DDX54,"nucleolar protein, org=Homo sapiens",Nucleolus,-3.4329,6.434604e-3,2.488047e-2
XRN2,"nucleolar protein, org=Homo sapiens",Nucleolus,-1.8552,2.355754e-1,4.140416e-1
POLR1A,"nucleolar protein, org=Homo sapiens",Nucleolus,-5.6323,2.112221e-3,1.012469e-2
POLR1B,"nucleolar protein, org=Homo sapiens",Nucleolus,-4.3373,1.996710e-4,1.544123e-3
UBTF,"nucleolar protein, org=Homo sapiens",Nucleolus,-3.5671,7.192169e-5,7.367803e-4
RRP1,"nucleolar protein, org=Homo sapiens",Nucleolus,-2.5977,1.837471e-1,3.448974e-1
RRP9,"nucleolar protein, org=Homo sapiens",Nucleolus,-4.8072,1.217827e-5,1.938814e-4
BOP1,"nucleolar protein, org=Homo sapiens",Nucleolus,-2.3755,1.887575e-2,5.885987e-2
PES1,"nucleolar protein, org=Homo sapiens",Nucleolus,-3.5854,3.225996e-3,1.385983e-2
WDR12,"nucleolar protein, org=Homo sapiens",Nucleolus,-2.8231,6.302843e-2,1.542468e-1
GNL3,"nucleolar protein, org=Homo sapiens",Nucleolus,-6.7974,1.135113e-2,3.966059e-2
MKI67,"nucleolar protein, org=Homo sapiens",Nucleolus,-1.9969,1.161901e-2,4.035344e-2
NOLC1,"nucleolar protein, org=Homo sapiens",Nucleolus,-3.9778,1.008221e-2,3.654800e-2
TCOF1,"nucleolar protein, org=Homo sapiens",Nucleolus,1.7840,2.577115e-1,4.376620e-1
RPF2,"nucleolar protein, org=Homo sapiens",Nucleolus,1.6555,6.161650e-1,7.441484e-1
UTP20,"nucleolar protein, org=Homo sapiens",Nucleolus,1.1631,8.331342e-1,9.032109e-1
WDR43,"nucleolar protein, org=Homo sapiens",Nucleolus,-42.5061,4.587445e-7,1.662949e-5
DKC1,"nucleolar protein, org=Homo sapiens",Nucleolus,-7.7177,8.622000e-4,4.951247e-3
NHP2,"nucleolar protein, org=Homo sapiens",Nucleolus,-2.6200,7.165622e-3,2.722920e-2
GAR1,"nucleolar protein, org=Homo sapiens",Nucleolus,-5.8934,1.598373e-3,7.973135e-3
HNRNPA1,"spliceosomal protein, org=Homo sapiens",Spliceosome,-1.2244,5.645982e-1,7.077963e-1
HNRNPA2B1,"spliceosomal protein, org=Homo sapiens",Spliceosome,-2.7591,2.784625e-3,1.242371e-2
HNRNPC,"spliceosomal protein, org=Homo sapiens",Spliceosome,1.0317,9.517747e-1,9.686790e-1
HNRNPK,"spliceosomal protein, org=Homo sapiens",Spliceosome,1.2782,4.474729e-1,6.106689e-1
HNRNPM,"spliceosomal protein, org=Homo sapiens",Spliceosome,-1.7744,7.565008e-2,1.762130e-1
HNRNPU,"spliceosomal protein, org=Homo sapiens",Spliceosome,-3.3489,2.134635e-1,3.856972e-1
SRSF1,"spliceosomal protein, org=Homo sapiens",Spliceosome,-1.5652,4.783343e-1,6.392486e-1
SRSF2,"spliceosomal protein, org=Homo sapiens",Spliceosome,1.5330,1.012056e-1,2.158060e-1
SRSF3,"spliceosomal protein, org=Homo sapiens",Spliceosome,1.1081,6.450838e-1,7.682723e-1
SRSF7,"spliceosomal protein, org=Homo sapiens",Spliceosome,-3.0732,4.606053e-2,1.192639e-1
SF3B1,"spliceosomal protein, org=Homo sapiens",Spliceosome,-1.7605,1.500192e-1,2.969663e-1
SF3B2,"spliceosomal protein, org=Homo sapiens",Spliceosome,-15.2427,2.334274e-7,1.041445e-5
SF3A1,"spliceosomal protein, org=Homo sapiens",Spliceosome,-1.4555,3.693214e-1,5.433323e-1
SNRPD1,"spliceosomal protein, org=Homo sapiens",Spliceosome,-1.4551,1.669629e-1,3.227949e-1
SNRPD2,"spliceosomal protein, org=Homo sapiens",Spliceosome,-3.2348,1.947673e-2,5.954820e-2
SNRPD3,"spliceosomal protein, org=Homo sapiens",Spliceosome,-3.1309,9.983460e-2,2.144595e-1
SNRPB,"spliceosomal protein, org=Homo sapiens",Spliceosome,-1.9101,8.001805e-2,1.831782e-1
SNRNP200,"spliceosomal protein, org=Homo sapiens",Spliceosome,-5.1468,1.373210e-3,7.240562e-3
PRPF8,"spliceosomal protein, org=Homo sapiens",Spliceosome,-4.5719,1.250626e-3,6.716325e-3
PRPF19,"spliceosomal protein, org=Homo sapiens",Spliceosome,-2.8388,2.699571e-3,1.213761e-2
EFTUD2,"spliceosomal protein, org=Homo sapiens",Spliceosome,-1.7740,3.570300e-2,9.814096e-2
U2AF1,"spliceosomal protein, org=Homo sapiens",Spliceosome,-2.4583,2.595987e-1,4.389716e-1
U2AF2,"spliceosomal protein, org=Homo sapiens",Spliceosome,-2.1855,3.566073e-2,9.814096e-2
RBM8A,"spliceosomal protein, org=Homo sapiens",Spliceosome,-1.9565,7.615493e-2,1.766794e-1
MAGOH,"spliceosomal protein, org=Homo sapiens",Spliceosome,-3.5536,3.444501e-2,9.604859e-2
DDX5,"spliceosomal protein, org=Homo sapiens",Spliceosome,-1.0692,9.467347e-1,9.684411e-1
DDX17,"spliceosomal protein, org=Homo sapiens",Spliceosome,-6.1312,4.145117e-6,8.290233e-5
CALR,"endoplasmic reticulum protein, org=Homo sapiens",Endoplasmic reticulum,1.7746,5.724276e-2,1.437264e-1
CANX,"endoplasmic reticulum protein, org=Homo sapiens",Endoplasmic reticulum,-1.2969,3.065330e-1,4.805111e-1
HSPA5,"endoplasmic reticulum protein, org=Homo sapiens",Endoplasmic reticulum,-1.1172,7.832842e-1,8.793162e-1
PDIA3,"endoplasmic reticulum protein, org=Homo sapiens",Endoplasmic reticulum,1.3016,3.026824e-1,4.802863e-1
PDIA4,"endoplasmic reticulum protein, org=Homo sapiens",Endoplasmic reticulum,-1.1116,8.174693e-1,8.947511e-1
PDIA6,"endoplasmic reticulum protein, org=Homo sapiens",Endoplasmic reticulum,3.6218,1.395854e-2,4.652847e-2
P4HB,"endoplasmic reticulum protein, org=Homo sapiens",Endoplasmic reticulum,1.4444,2.496682e-1,4.284247e-1
SEC61A1,"endoplasmic reticulum protein, org=Homo sapiens",Endoplasmic reticulum,-1.9093,3.596579e-2,9.839696e-2
SEC61B,"endoplasmic reticulum protein, org=Homo sapiens",Endoplasmic reticulum,-1.1449,7.168766e-1,8.292180e-1
SEC23A,"endoplasmic reticulum protein, org=Homo sapiens",Endoplasmic reticulum,1.0286,9.486921e-1,9.686790e-1
SEC24C,"endoplasmic reticulum protein, org=Homo sapiens",Endoplasmic reticulum,1.4385,1.687422e-1,3.246612e-1
SEC31A,"endoplasmic reticulum protein, org=Homo sapiens",Endoplasmic reticulum,-1.3022,4.669099e-1,6.327284e-1
SRPRA,"endoplasmic reticulum protein, org=Homo sapiens",Endoplasmic reticulum,1.5126,2.368654e-1,4.146129e-1
SRPRB,"endoplasmic reticulum protein, org=Homo sapiens",Endoplasmic reticulum,-1.7958,3.212467e-1,4.995257e-1
DDOST,"endoplasmic reticulum protein, org=Homo sapiens",Endoplasmic reticulum,-1.7756,2.207318e-1,3.927130e-1
RPN1,"endoplasmic reticulum protein, org=Homo sapiens",Endoplasmic reticulum,1.2792,6.935748e-1,8.107175e-1
RPN2,"endoplasmic reticulum protein, org=Homo sapiens",Endoplasmic reticulum,-2.3627,8.628147e-2,1.917366e-1
STT3A,"endoplasmic reticulum protein, org=Homo sapiens",Endoplasmic reticulum,-2.4347,8.231614e-2,1.844545e-1
EDEM1,"endoplasmic reticulum protein, org=Homo sapiens",Endoplasmic reticulum,1.4587,5.960440e-2,1.483715e-1
DNAJB11,"endoplasmic reticulum protein, org=Homo sapiens",Endoplasmic reticulum,2.7059,7.434771e-2,1.738777e-1
HYOU1,"endoplasmic reticulum protein, org=Homo sapiens",Endoplasmic reticulum,1.0902,8.515472e-1,9.129342e-1
ERO1A,"endoplasmic reticulum protein, org=Homo sapiens",Endoplasmic reticulum,1.3744,5.775688e-1,7.149686e-1
TMED2,"endoplasmic reticulum protein, org=Homo sapiens",Endoplasmic reticulum,-1.6315,1.489921e-1,2.959433e-1
TMED10,"endoplasmic reticulum protein, org=Homo sapiens",Endoplasmic reticulum,1.3698,3.998305e-1,5.754384e-1
ATL3,"endoplasmic reticulum protein, org=Homo sapiens",Endoplasmic reticulum,1.0362,9.123525e-1,9.432521e-1
RTN4,"endoplasmic reticulum protein, org=Homo sapiens",Endoplasmic reticulum,-1.3261,6.822528e-1,8.026503e-1
REEP5,"endoplasmic reticulum protein, org=Homo sapiens",Endoplasmic reticulum,-1.2598,4.197737e-1,5.952781e-1
VAPA,"endoplasmic reticulum protein, org=Homo sapiens",Endoplasmic reticulum,1.1007,8.110269e-1,8.947511e-1
VAPB,"endoplasmic reticulum protein, org=Homo sapiens",Endoplasmic reticulum,1.2420,7.006587e-1,8.160282e-1
SEL1L,"endoplasmic reticulum protein, org=Homo sapiens",Endoplasmic reticulum,1.6126,1.919780e-2,5.922725e-2
DERL1,"endoplasmic reticulum protein, org=Homo sapiens",Endoplasmic reticulum,1.9231,1.329411e-1,2.724587e-1
VCP,"endoplasmic reticulum protein, org=Homo sapiens",Endoplasmic reticulum,-1.4278,2.672569e-1,4.443814e-1
UGGT1,"endoplasmic reticulum protein, org=Homo sapiens",Endoplasmic reticulum,1.0506,9.256680e-1,9.525041e-1
TXNDC5,"endoplasmic reticulum protein, org=Homo sapiens",Endoplasmic reticulum,1.6171,1.863572e-1,3.475472e-1
ERP44,"endoplasmic reticulum protein, org=Homo sapiens",Endoplasmic reticulum,-1.2778,5.781384e-1,7.149686e-1
GOLGA2,"Golgi apparatus protein, org=Homo sapiens",Golgi,1.1651,6.239522e-1,7.499097e-1
GOLGB1,"Golgi apparatus protein, org=Homo sapiens",Golgi,-1.1308,6.882320e-1,8.064133e-1
GOLPH3,"Golgi apparatus protein, org=Homo sapiens",Golgi,-1.6139,7.389643e-2,1.735220e-1
GOSR2,"Golgi apparatus protein, org=Homo sapiens",Golgi,-1.1139,8.073662e-1,8.936496e-1
STX5,"Golgi apparatus protein, org=Homo sapiens",Golgi,1.0066,9.889586e-1,9.958264e-1
TGOLN2,"Golgi apparatus protein, org=Homo sapiens",Golgi,1.0021,9.934105e-1,9.963330e-1
B4GALT1,"Golgi apparatus protein, org=Homo sapiens",Golgi,1.0533,8.203085e-1,8.947511e-1
MAN2A1,"Golgi apparatus protein, org=Homo sapiens",Golgi,-1.1306,7.466886e-1,8.525984e-1
MAN1A1,"Golgi apparatus protein, org=Homo sapiens",Golgi,1.0242,9.335309e-1,9.583149e-1
ARF1,"Golgi apparatus protein, org=Homo sapiens",Golgi,-1.0310,9.177565e-1,9.471508e-1
ARF4,"Golgi apparatus protein, org=Homo sapiens",Golgi,1.1020,8.797081e-1,9.310779e-1
COPB1,"Golgi apparatus protein, org=Homo sapiens",Golgi,1.5158,2.704220e-1,4.474822e-1
COPB2,"Golgi apparatus protein, org=Homo sapiens",Golgi,-1.4311,1.029416e-1,2.179055e-1
COPA,"Golgi apparatus protein, org=Homo sapiens",Golgi,-1.2297,5.520947e-1,7.053229e-1
COPG1,"Golgi apparatus protein, org=Homo sapiens",Golgi,-1.2330,4.311965e-1,6.017096e-1
ARCN1,"Golgi apparatus protein, org=Homo sapiens",Golgi,-1.4985,2.708039e-1,4.474822e-1
COPE,"Golgi apparatus protein, org=Homo sapiens",Golgi,-1.1014,7.256698e-1,8.367564e-1
GGA1,"Golgi apparatus protein, org=Homo sapiens",Golgi,1.9615,2.672068e-1,4.443814e-1
GOLIM4,"Golgi apparatus protein, org=Homo sapiens",Golgi,1.9127,1.129270e-2,3.966059e-2
ACBD3,"Golgi apparatus protein, org=Homo sapiens",Golgi,-1.2162,4.807638e-1,6.395482e-1
PSMA1,"proteasome subunit, org=Homo sapiens",Proteasome,-1.7368,2.766228e-2,8.022060e-2
PSMA2,"proteasome subunit, org=Homo sapiens",Proteasome,-1.0439,8.864561e-1,9.318992e-1
PSMA3,"proteasome subunit, org=Homo sapiens",Proteasome,1.0808,9.013321e-1,9.413728e-1
PSMA4,"proteasome subunit, org=Homo sapiens",Proteasome,-1.1260,7.427363e-1,8.513579e-1
PSMA5,"proteasome subunit, org=Homo sapiens",Proteasome,-1.1385,5.774743e-1,7.149686e-1
PSMA6,"proteasome subunit, org=Homo sapiens",Proteasome,2.9224,6.746825e-5,7.114833e-4
PSMA7,"proteasome subunit, org=Homo sapiens",Proteasome,1.6320,4.781303e-1,6.392486e-1
PSMB1,"proteasome subunit, org=Homo sapiens",Proteasome,-1.5137,1.516305e-1,2.981209e-1
PSMB2,"proteasome subunit, org=Homo sapiens",Proteasome,-1.6814,2.452784e-1,4.221409e-1
PSMB3,"proteasome subunit, org=Homo sapiens",Proteasome,1.0978,7.467790e-1,8.525984e-1
PSMB4,"proteasome subunit, org=Homo sapiens",Proteasome,-1.0635,9.106976e-1,9.432521e-1
PSMB5,"proteasome subunit, org=Homo sapiens",Proteasome,-3.6159,3.400651e-2,9.574649e-2
PSMB6,"proteasome subunit, org=Homo sapiens",Proteasome,2.2885,3.628495e-2,9.867857e-2
PSMB7,"proteasome subunit, org=Homo sapiens",Proteasome,-1.9160,2.961792e-1,4.745412e-1
PSMC1,"proteasome subunit, org=Homo sapiens",Proteasome,-1.8492,1.203098e-1,2.510062e-1
PSMC2,"proteasome subunit, org=Homo sapiens",Proteasome,1.1212,8.191479e-1,8.947511e-1
PSMC3,"proteasome subunit, org=Homo sapiens",Proteasome,1.0852,8.776000e-1,9.305448e-1
PSMC4,"proteasome subunit, org=Homo sapiens",Proteasome,1.4946,3.393899e-1,5.235269e-1
PSMC5,"proteasome subunit, org=Homo sapiens",Proteasome,-1.2354,4.036376e-1,5.794797e-1
PSMC6,"proteasome subunit, org=Homo sapiens",Proteasome,-1.1607,6.171299e-1,7.441484e-1
PSMD1,"proteasome subunit, org=Homo sapiens",Proteasome,-1.2482,6.869462e-1,8.064133e-1
PSMD2,"proteasome subunit, org=Homo sapiens",Proteasome,1.4758,2.764221e-1,4.554682e-1
PSMD3,"proteasome subunit, org=Homo sapiens",Proteasome,1.1598,8.313756e-1,9.032109e-1
PSMD6,"proteasome subunit, org=Homo sapiens",Proteasome,-1.3531,4.581802e-1,6.223525e-1
PSMD11,"proteasome subunit, org=Homo sapiens",Proteasome,1.1758,5.654943e-1,7.077963e-1
PSMD12,"proteasome subunit, org=Homo sapiens",Proteasome,-1.0719,8.546607e-1,9.145816e-1
PSMD14,"proteasome subunit, org=Homo sapiens",Proteasome,1.6918,8.116688e-2,1.831782e-1
PSME1,"proteasome subunit, org=Homo sapiens",Proteasome,1.1507,6.560943e-1,7.797842e-1
PSME2,"proteasome subunit, org=Homo sapiens",Proteasome,1.7632,3.423609e-1,5.247694e-1
ADRM1,"proteasome subunit, org=Homo sapiens",Proteasome,-1.5071,4.519732e-1,6.153625e-1
ACTB,"cytoskeletal protein, org=Homo sapiens",Cytoskeleton,-1.1609,7.177024e-1,8.292180e-1
ACTG1,"cytoskeletal protein, org=Homo sapiens",Cytoskeleton,-1.5953,1.802784e-2,5.713742e-2
TUBA1A,"cytoskeletal protein, org=Homo sapiens",Cytoskeleton,1.6792,5.537101e-2,1.402410e-1
TUBA1B,"cytoskeletal protein, org=Homo sapiens",Cytoskeleton,1.0904,9.022327e-1,9.413728e-1
TUBA4A,"cytoskeletal protein, org=Homo sapiens",Cytoskeleton,1.3559,2.416310e-1,4.195987e-1
TUBB,"cytoskeletal protein, org=Homo sapiens",Cytoskeleton,1.8826,1.762824e-1,3.333830e-1
TUBB4B,"cytoskeletal protein, org=Homo sapiens",Cytoskeleton,-2.2911,1.450869e-1,2.893649e-1
TUBB6,"cytoskeletal protein, org=Homo sapiens",Cytoskeleton,-1.4079,2.090333e-1,3.817941e-1
VIM,"cytoskeletal protein, org=Homo sapiens",Cytoskeleton,1.0971,6.774519e-1,7.986222e-1
MYH9,"cytoskeletal protein, org=Homo sapiens",Cytoskeleton,-1.4926,2.048116e-1,3.764432e-1
MYH10,"cytoskeletal protein, org=Homo sapiens",Cytoskeleton,1.3384,2.109437e-1,3.835339e-1
MYL6,"cytoskeletal protein, org=Homo sapiens",Cytoskeleton,1.2259,4.802862e-1,6.395482e-1
MYL12B,"cytoskeletal protein, org=Homo sapiens",Cytoskeleton,-2.7901,8.931587e-2,1.955988e-1
TPM1,"cytoskeletal protein, org=Homo sapiens",Cytoskeleton,1.2069,5.052254e-1,6.674960e-1
TPM3,"cytoskeletal protein, org=Homo sapiens",Cytoskeleton,1.4214,3.773284e-1,5.484974e-1
TPM4,"cytoskeletal protein, org=Homo sapiens",Cytoskeleton,2.0834,1.396045e-1,2.831141e-1
CFL1,"cytoskeletal protein, org=Homo sapiens",Cytoskeleton,1.4505,8.783918e-2,1.944532e-1
PFN1,"cytoskeletal protein, org=Homo sapiens",Cytoskeleton,1.3204,2.572681e-1,4.376620e-1
ARPC1B,"cytoskeletal protein, org=Homo sapiens",Cytoskeleton,-1.2713,6.244938e-1,7.499097e-1
ARPC2,"cytoskeletal protein, org=Homo sapiens",Cytoskeleton,1.1035,7.175870e-1,8.292180e-1
ARPC3,"cytoskeletal protein, org=Homo sapiens",Cytoskeleton,-1.2321,3.911804e-1,5.643897e-1
ARPC5,"cytoskeletal protein, org=Homo sapiens",Cytoskeleton,-1.2734,4.406340e-1,6.041789e-1
ACTR2,"cytoskeletal protein, org=Homo sapiens",Cytoskeleton,1.0456,9.262281e-1,9.525041e-1
ACTR3,"cytoskeletal protein, org=Homo sapiens",Cytoskeleton,-3.3327,8.113853e-2,1.831782e-1
CAPZA1,"cytoskeletal protein, org=Homo sapiens",Cytoskeleton,-1.4172,4.223939e-1,5.960790e-1
CAPZA2,"cytoskeletal protein, org=Homo sapiens",Cytoskeleton,1.2000,3.543314e-1,5.324151e-1
CAPZB,"cytoskeletal protein, org=Homo sapiens",Cytoskeleton,1.1975,5.157712e-1,6.737552e-1
FLNA,"cytoskeletal protein, org=Homo sapiens",Cytoskeleton,1.0850,8.194381e-1,8.947511e-1
FLNB,"cytoskeletal protein, org=Homo sapiens",Cytoskeleton,-1.1050,6.707527e-1,7.923351e-1
SPTAN1,"cytoskeletal protein, org=Homo sapiens",Cytoskeleton,1.4751,2.093285e-1,3.817941e-1
SPTBN1,"cytoskeletal protein, org=Homo sapiens",Cytoskeleton,-1.1952,3.424478e-1,5.247694e-1
PLEC,"cytoskeletal protein, org=Homo sapiens",Cytoskeleton,-1.4978,2.393219e-1,4.168369e-1
KRT8,"cytoskeletal protein, org=Homo sapiens",Cytoskeleton,1.4579,3.656638e-1,5.433323e-1
KRT18,"cytoskeletal protein, org=Homo sapiens",Cytoskeleton,1.0749,9.108380e-1,9.432521e-1
GSN,"cytoskeletal protein, org=Homo sapiens",Cytoskeleton,1.7783,1.699729e-1,3.253607e-1
TLN1,"cytoskeletal protein, org=Homo sapiens",Cytoskeleton,-1.1560,7.752744e-1,8.748233e-1
VCL,"cytoskeletal protein, org=Homo sapiens",Cytoskeleton,1.3739,2.373301e-1,4.146129e-1
ZYX,"cytoskeletal protein, org=Homo sapiens",Cytoskeleton,1.3061,7.134246e-1,8.292180e-1
PXN,"cytoskeletal protein, org=Homo sapiens",Cytoskeleton,2.6516,4.523489e-2,1.176513e-1
ACTN1,"cytoskeletal protein, org=Homo sapiens",Cytoskeleton,1.1741,4.376962e-1,6.017096e-1
ACTN4,"cytoskeletal protein, org=Homo sapiens",Cytoskeleton,1.1949,7.332211e-1,8.421153e-1
MYO1C,"cytoskeletal protein, org=Homo sapiens",Cytoskeleton,1.4886,4.140460e-1,5.900409e-1
DSTN,"cytoskeletal protein, org=Homo sapiens",Cytoskeleton,1.8462,1.907900e-2,5.917550e-2
TWF2,"cytoskeletal protein, org=Homo sapiens",Cytoskeleton,-1.4679,5.074891e-1,6.689629e-1
CORO1C,"cytoskeletal protein, org=Homo sapiens",Cytoskeleton,1.3169,4.212894e-1,5.959704e-1
GAPDH,"glycolytic enzyme, org=Homo sapiens",Glycolysis,-1.2244,5.612949e-1,7.077963e-1
ENO1,"glycolytic enzyme, org=Homo sapiens",Glycolysis,1.2316,3.804636e-1,5.502965e-1
ENO2,"glycolytic enzyme, org=Homo sapiens",Glycolysis,1.2856,2.811538e-1,4.596777e-1
PKM,"glycolytic enzyme, org=Homo sapiens",Glycolysis,1.4325,1.765160e-1,3.333830e-1
PGK1,"glycolytic enzyme, org=Homo sapiens",Glycolysis,-1.0508,8.866393e-1,9.318992e-1
ALDOA,"glycolytic enzyme, org=Homo sapiens",Glycolysis,1.0531,9.095324e-1,9.432521e-1
ALDOC,"glycolytic enzyme, org=Homo sapiens",Glycolysis,-1.1940,5.854478e-1,7.209336e-1
TPI1,"glycolytic enzyme, org=Homo sapiens",Glycolysis,1.2567,3.525059e-1,5.324151e-1
PGAM1,"glycolytic enzyme, org=Homo sapiens",Glycolysis,1.6403,8.936840e-2,1.955988e-1
LDHA,"glycolytic enzyme, org=Homo sapiens",Glycolysis,-1.6712,1.851555e-1,3.464200e-1
LDHB,"glycolytic enzyme, org=Homo sapiens",Glycolysis,1.5001,4.355232e-1,6.017096e-1
HK1,"glycolytic enzyme, org=Homo sapiens",Glycolysis,-1.7143,9.341875e-2,2.036950e-1
HK2,"glycolytic enzyme, org=Homo sapiens",Glycolysis,-1.2232,6.171206e-1,7.441484e-1
PFKP,"glycolytic enzyme, org=Homo sapiens",Glycolysis,1.4281,3.447192e-1,5.247694e-1
PFKL,"glycolytic enzyme, org=Homo sapiens",Glycolysis,-1.4231,4.267609e-1,6.007799e-1
GPI,"glycolytic enzyme, org=Homo sapiens",Glycolysis,1.3826,1.767871e-1,3.333830e-1
PYGL,"glycolytic enzyme, org=Homo sapiens",Glycolysis,-1.3782,2.507786e-1,4.290608e-1
PYGB,"glycolytic enzyme, org=Homo sapiens",Glycolysis,1.3519,4.377956e-1,6.017096e-1
G6PD,"glycolytic enzyme, org=Homo sapiens",Glycolysis,1.4069,5.993634e-1,7.318542e-1
TALDO1,"glycolytic enzyme, org=Homo sapiens",Glycolysis,2.0324,3.433858e-1,5.247694e-1
TKT,"glycolytic enzyme, org=Homo sapiens",Glycolysis,-1.1632,6.947011e-1,8.107175e-1
PGD,"glycolytic enzyme, org=Homo sapiens",Glycolysis,1.4479,2.867780e-1,4.643336e-1
FBP1,"glycolytic enzyme, org=Homo sapiens",Glycolysis,1.6981,1.328316e-2,4.479206e-2
HSPA8,"molecular chaperone, org=Homo sapiens",Chaperone,2.6383,7.119648e-2,1.706362e-1
HSPA1A,"molecular chaperone, org=Homo sapiens",Chaperone,1.3896,5.662370e-1,7.077963e-1
HSPA4,"molecular chaperone, org=Homo sapiens",Chaperone,-2.8027,2.244339e-1,3.977019e-1
HSP90AA1,"molecular chaperone, org=Homo sapiens",Chaperone,-1.1450,8.153934e-1,8.947511e-1
HSP90AB1,"molecular chaperone, org=Homo sapiens",Chaperone,1.1890,5.520976e-1,7.053229e-1
HSP90B1,"molecular chaperone, org=Homo sapiens",Chaperone,1.7858,1.005670e-1,2.152356e-1
HSPB1,"molecular chaperone, org=Homo sapiens",Chaperone,1.6990,6.662016e-2,1.616724e-1
CCT2,"molecular chaperone, org=Homo sapiens",Chaperone,-1.3796,5.647890e-1,7.077963e-1
CCT3,"molecular chaperone, org=Homo sapiens",Chaperone,1.6216,2.934235e-1,4.714283e-1
CCT4,"molecular chaperone, org=Homo sapiens",Chaperone,-1.4871,1.391638e-1,2.831141e-1
CCT5,"molecular chaperone, org=Homo sapiens",Chaperone,1.7228,5.020328e-2,1.282727e-1
CCT6A,"molecular chaperone, org=Homo sapiens",Chaperone,-1.8278,3.700280e-1,5.433323e-1
CCT7,"molecular chaperone, org=Homo sapiens",Chaperone,1.5393,1.267052e-1,2.624607e-1
CCT8,"molecular chaperone, org=Homo sapiens",Chaperone,1.3459,4.377101e-1,6.017096e-1
TCP1,"molecular chaperone, org=Homo sapiens",Chaperone,1.0916,6.366712e-1,7.598134e-1
DNAJA1,"molecular chaperone, org=Homo sapiens",Chaperone,1.5099,1.324268e-1,2.723671e-1
DNAJA2,"molecular chaperone, org=Homo sapiens",Chaperone,-1.5915,3.472304e-1,5.272084e-1
DNAJB1,"molecular chaperone, org=Homo sapiens",Chaperone,-1.5266,2.813545e-1,4.596777e-1
BAG2,"molecular chaperone, org=Homo sapiens",Chaperone,1.4216,1.690477e-1,3.246612e-1
BAG3,"molecular chaperone, org=Homo sapiens",Chaperone,-1.0108,9.781941e-1,9.901696e-1
STIP1,"molecular chaperone, org=Homo sapiens",Chaperone,5.5119,4.503651e-3,1.839096e-2
AHSA1,"molecular chaperone, org=Homo sapiens",Chaperone,-1.3992,4.864777e-1,6.456684e-1
PTGES3,"molecular chaperone, org=Homo sapiens",Chaperone,1.1577,6.045652e-1,7.351108e-1
CDC37,"molecular chaperone, org=Homo sapiens",Chaperone,-1.0972,8.629047e-1,9.200087e-1
ST13,"molecular chaperone, org=Homo sapiens",Chaperone,1.2125,3.553613e-1,5.325829e-1
CLTC,"vesicle trafficking protein, org=Homo sapiens",Vesicle traffic,5.2443,1.950717e-2,5.954820e-2
CLTA,"vesicle trafficking protein, org=Homo sapiens",Vesicle traffic,3.9750,1.112417e-2,3.934159e-2
AP2M1,"vesicle trafficking protein, org=Homo sapiens",Vesicle traffic,-4.1003,1.041023e-2,3.750269e-2
AP2B1,"vesicle trafficking protein, org=Homo sapiens",Vesicle traffic,-1.4690,4.347017e-1,6.017096e-1
AP1B1,"vesicle trafficking protein, org=Homo sapiens",Vesicle traffic,-1.2888,2.654571e-1,4.443814e-1
AP3B1,"vesicle trafficking protein, org=Homo sapiens",Vesicle traffic,1.5624,1.296076e-1,2.675176e-1
RAB1A,"vesicle trafficking protein, org=Homo sapiens",Vesicle traffic,1.2583,3.784940e-1,5.488163e-1
RAB5C,"vesicle trafficking protein, org=Homo sapiens",Vesicle traffic,-2.0096,3.363558e-1,5.202303e-1
RAB7A,"vesicle trafficking protein, org=Homo sapiens",Vesicle traffic,-1.1141,7.809723e-1,8.793162e-1
RAB11A,"vesicle trafficking protein, org=Homo sapiens",Vesicle traffic,-1.8264,4.089309e-2,1.092995e-1
RAB14,"vesicle trafficking protein, org=Homo sapiens",Vesicle traffic,-1.0365,9.084942e-1,9.432521e-1
RAB35,"vesicle trafficking protein, org=Homo sapiens",Vesicle traffic,1.0320,9.536478e-1,9.686790e-1
SNAP23,"vesicle trafficking protein, org=Homo sapiens",Vesicle traffic,1.1959,5.094215e-1,6.699874e-1
STX4,"vesicle trafficking protein, org=Homo sapiens",Vesicle traffic,-1.6268,8.318797e-2,1.855732e-1
STX7,"vesicle trafficking protein, org=Homo sapiens",Vesicle traffic,-1.6175,4.397505e-2,1.154096e-1
VAMP3,"vesicle trafficking protein, org=Homo sapiens",Vesicle traffic,1.5033,3.665469e-1,5.433323e-1
VAMP7,"vesicle trafficking protein, org=Homo sapiens",Vesicle traffic,-1.1090,6.667684e-1,7.907610e-1
NSF,"vesicle trafficking protein, org=Homo sapiens",Vesicle traffic,-1.2572,4.168548e-1,5.925877e-1
NAPA,"vesicle trafficking protein, org=Homo sapiens",Vesicle traffic,1.3440,4.327766e-1,6.017096e-1
EEA1,"vesicle trafficking protein, org=Homo sapiens",Vesicle traffic,1.1224,7.526386e-1,8.525984e-1
VPS26A,"vesicle trafficking protein, org=Homo sapiens",Vesicle traffic,-2.3899,1.023872e-1,2.175259e-1
VPS29,"vesicle trafficking protein, org=Homo sapiens",Vesicle traffic,-1.4293,1.429690e-1,2.873194e-1
VPS35,"vesicle trafficking protein, org=Homo sapiens",Vesicle traffic,1.9000,9.916328e-2,2.138093e-1
SNX1,"vesicle trafficking protein, org=Homo sapiens",Vesicle traffic,1.3228,2.163453e-1,3.872848e-1
SNX2,"vesicle trafficking protein, org=Homo sapiens",Vesicle traffic,-2.5134,6.204483e-2,1.529495e-1
SNX6,"vesicle trafficking protein, org=Homo sapiens",Vesicle traffic,-2.1824,2.249073e-1,3.977019e-1
CHMP4B,"vesicle trafficking protein, org=Homo sapiens",Vesicle traffic,1.3950,4.114263e-1,5.892031e-1
TSG101,"vesicle trafficking protein, org=Homo sapiens",Vesicle traffic,-1.0600,8.617581e-1,9.200087e-1
VPS4A,"vesicle trafficking protein, org=Homo sapiens",Vesicle traffic,-1.2198,6.299721e-1,7.533687e-1
SOD1,"redox / detoxification enzyme, org=Homo sapiens",Redox & detox,-1.2576,3.021361e-1,4.802863e-1
CAT,"redox / detoxification enzyme, org=Homo sapiens",Redox & detox,1.2298,2.772858e-1,4.555971e-1
GPX1,"redox / detoxification enzyme, org=Homo sapiens",Redox & detox,1.1788,5.589057e-1,7.077845e-1
GPX4,"redox / detoxification enzyme, org=Homo sapiens",Redox & detox,1.8124,2.145654e-1,3.864842e-1
PRDX1,"redox / detoxification enzyme, org=Homo sapiens",Redox & detox,1.0556,8.869109e-1,9.318992e-1
PRDX2,"redox / detoxification enzyme, org=Homo sapiens",Redox & detox,1.0062,9.946152e-1,9.963330e-1
PRDX4,"redox / detoxification enzyme, org=Homo sapiens",Redox & detox,1.2443,4.336623e-1,6.017096e-1
PRDX6,"redox / detoxification enzyme, org=Homo sapiens",Redox & detox,-1.9540,2.400869e-2,7.104613e-2
TXN,"redox / detoxification enzyme, org=Homo sapiens",Redox & detox,-1.2859,4.358743e-1,6.017096e-1
TXNRD1,"redox / detoxification enzyme, org=Homo sapiens",Redox & detox,1.7196,4.996283e-2,1.282232e-1
GSR,"redox / detoxification enzyme, org=Homo sapiens",Redox & detox,1.1720,5.642687e-1,7.077963e-1
GSTP1,"redox / detoxification enzyme, org=Homo sapiens",Redox & detox,1.6522,1.619670e-1,3.162991e-1
GSTO1,"redox / detoxification enzyme, org=Homo sapiens",Redox & detox,-1.7391,5.333743e-1,6.920741e-1
GCLM,"redox / detoxification enzyme, org=Homo sapiens",Redox & detox,1.2864,3.735203e-1,5.456972e-1
NQO1,"redox / detoxification enzyme, org=Homo sapiens",Redox & detox,-1.0900,8.417768e-1,9.085363e-1
MGST1,"redox / detoxification enzyme, org=Homo sapiens",Redox & detox,-1.9143,2.157818e-1,3.872848e-1
BLVRB,"redox / detoxification enzyme, org=Homo sapiens",Redox & detox,-1.2998,5.120035e-1,6.718598e-1
FTH1,"redox / detoxification enzyme, org=Homo sapiens",Redox & detox,-2.1715,2.874065e-1,4.643336e-1
FTL,"redox / detoxification enzyme, org=Homo sapiens",Redox & detox,-1.4759,5.944527e-1,7.273894e-1
HMOX1,"redox / detoxification enzyme, org=Homo sapiens",Redox & detox,2.0440,1.847346e-2,5.791679e-2
LMNA,"nuclear protein, org=Homo sapiens",Nucleus,1.1490,6.136292e-1,7.441484e-1
LMNB1,"nuclear protein, org=Homo sapiens",Nucleus,1.2708,3.438627e-1,5.247694e-1
LMNB2,"nuclear protein, org=Homo sapiens",Nucleus,-1.0196,9.362488e-1,9.594069e-1
NUP93,"nuclear protein, org=Homo sapiens",Nucleus,1.2714,5.514220e-1,7.053229e-1
NUP133,"nuclear protein, org=Homo sapiens",Nucleus,2.2585,7.358008e-2,1.734815e-1
NUP205,"nuclear protein, org=Homo sapiens",Nucleus,-1.4044,1.174895e-1,2.468982e-1
NUP214,"nuclear protein, org=Homo sapiens",Nucleus,-1.0912,8.185287e-1,8.947511e-1
RANBP2,"nuclear protein, org=Homo sapiens",Nucleus,1.0040,9.942241e-1,9.963330e-1
KPNB1,"nuclear protein, org=Homo sapiens",Nucleus,1.0110,9.845979e-1,9.933108e-1
KPNA2,"nuclear protein, org=Homo sapiens",Nucleus,1.0378,8.666143e-1,9.205793e-1
TPR,"nuclear protein, org=Homo sapiens",Nucleus,-1.3925,4.910843e-1,6.502942e-1
RAN,"nuclear protein, org=Homo sapiens",Nucleus,-1.6934,4.115789e-2,1.095026e-1
XPO1,"nuclear protein, org=Homo sapiens",Nucleus,1.0750,8.456517e-1,9.089615e-1
HIST1H1C,"nuclear protein, org=Homo sapiens",Nucleus,1.1414,6.008163e-1,7.320871e-1
H2AFZ,"nuclear protein, org=Homo sapiens",Nucleus,-1.0585,9.024194e-1,9.413728e-1
SMARCA4,"nuclear protein, org=Homo sapiens",Nucleus,-1.1765,8.663360e-1,9.205793e-1
SMARCC1,"nuclear protein, org=Homo sapiens",Nucleus,1.0879,8.418014e-1,9.085363e-1
CHD4,"nuclear protein, org=Homo sapiens",Nucleus,-1.3624,3.120562e-1,4.878507e-1
HDAC1,"nuclear protein, org=Homo sapiens",Nucleus,-1.8882,1.521189e-2,4.956683e-2
HDAC2,"nuclear protein, org=Homo sapiens",Nucleus,-1.1273,5.903879e-1,7.239429e-1
RBBP4,"nuclear protein, org=Homo sapiens",Nucleus,1.7731,1.649816e-1,3.201901e-1
SSRP1,"nuclear protein, org=Homo sapiens",Nucleus,-1.8876,8.065424e-2,1.831782e-1
SUPT16H,"nuclear protein, org=Homo sapiens",Nucleus,1.2200,5.793928e-1,7.149954e-1
PCNA,"nuclear protein, org=Homo sapiens",Nucleus,-1.3539,5.881719e-1,7.227536e-1
RFC1,"nuclear protein, org=Homo sapiens",Nucleus,-1.0892,8.462745e-1,9.089615e-1
MCM2,"nuclear protein, org=Homo sapiens",Nucleus,1.1805,6.257899e-1,7.499135e-1
MCM7,"nuclear protein, org=Homo sapiens",Nucleus,1.1966,5.472202e-1,7.037422e-1
TOP2A,"nuclear protein, org=Homo sapiens",Nucleus,1.0784,8.026218e-1,8.915729e-1
TOP1,"nuclear protein, org=Homo sapiens",Nucleus,-1.2388,4.294794e-1,6.017096e-1
